topic_id,field,topic,source,tag
math-number-calculation-001,数と計算,数の数え方・順序・大小,小学算数,入門
math-number-calculation-002,数と計算,十進位取り記数法,小学算数,入門
math-number-calculation-003,数と計算,加法と減法,小学算数,入門
math-number-calculation-004,数と計算,加法・減法の筆算,小学算数,入門
math-number-calculation-005,数と計算,乗法の意味と九九,小学算数,入門
math-number-calculation-006,数と計算,乗法の筆算,小学算数,入門
math-number-calculation-007,数と計算,除法の意味と余り,小学算数,入門
math-number-calculation-008,数と計算,除法の筆算,小学算数,入門
math-number-calculation-009,数と計算,四則演算,小学算数,入門
math-number-calculation-010,数と計算,計算のきまり（交換・結合・分配）,小学算数,入門
math-number-calculation-011,数と計算,計算の順序と括弧,小学算数,入門
math-number-calculation-012,数と計算,小数の意味と表し方,小学算数,入門
math-number-calculation-013,数と計算,小数の加法・減法,小学算数,入門
math-number-calculation-014,数と計算,小数の乗法・除法,小学算数,入門
math-number-calculation-015,数と計算,分数の意味と大きさ,小学算数,入門
math-number-calculation-016,数と計算,分数の同値・約分・通分,小学算数,入門
math-number-calculation-017,数と計算,分数の加法・減法,小学算数,入門
math-number-calculation-018,数と計算,分数の乗法・除法,小学算数,入門
math-number-calculation-019,数と計算,概数・四捨五入・見積り,小学算数,入門
math-number-calculation-020,数と計算,正の数・負の数,中学数学,入門
math-number-calculation-021,数と計算,正負の数の四則計算,中学数学,入門
math-number-calculation-022,数と計算,平方根,中学数学,入門
math-number-calculation-023,数と計算,根号を含む式の計算,中学数学,入門
math-number-calculation-024,数と計算,無理数と実数,高校 数学I,基礎
math-number-calculation-025,数と計算,無理数の四則計算,高校 数学I,基礎
math-number-calculation-026,数と計算,有限小数と循環小数,高校 数学I,基礎
math-integer-properties-001,整数の性質,偶数と奇数,小学算数,入門
math-integer-properties-002,整数の性質,倍数と約数,小学算数,入門
math-integer-properties-003,整数の性質,最大公約数と最小公倍数,小学算数,入門
math-integer-properties-004,整数の性質,素数と素因数分解,中学数学,入門
math-integer-properties-005,整数の性質,整数の除法と余り,高校 数学A,基礎
math-integer-properties-006,整数の性質,ユークリッドの互除法,高校 数学A,基礎
math-integer-properties-007,整数の性質,記数法とn進法,高校 数学A,基礎
math-quantity-ratio-percent-001,量・比・割合,長さ・重さ・時間・かさの単位,小学算数,入門
math-quantity-ratio-percent-002,量・比・割合,面積の意味と単位,小学算数,入門
math-quantity-ratio-percent-003,量・比・割合,長方形・正方形の面積,小学算数,入門
math-quantity-ratio-percent-004,量・比・割合,三角形・四角形の面積,小学算数,入門
math-quantity-ratio-percent-005,量・比・割合,円の面積,小学算数,入門
math-quantity-ratio-percent-006,量・比・割合,体積の意味と単位,小学算数,入門
math-quantity-ratio-percent-007,量・比・割合,直方体・立方体の体積,小学算数,入門
math-quantity-ratio-percent-008,量・比・割合,角柱・円柱の体積,小学算数,入門
math-quantity-ratio-percent-009,量・比・割合,単位量あたりの大きさ,小学算数,入門
math-quantity-ratio-percent-010,量・比・割合,速さ,小学算数,入門
math-quantity-ratio-percent-011,量・比・割合,割合と百分率,小学算数,入門
math-quantity-ratio-percent-012,量・比・割合,比,小学算数,入門
math-quantity-ratio-percent-013,量・比・割合,比例配分と比の利用,小学算数,入門
math-algebraic-expressions-001,文字と式,数量を式に表す・式を読む,小学算数,入門
math-algebraic-expressions-002,文字と式,文字を用いた数量の表現,小学算数,入門
math-algebraic-expressions-003,文字と式,文字式の表し方,中学数学,入門
math-algebraic-expressions-004,文字と式,代入と式の値,中学数学,入門
math-algebraic-expressions-005,文字と式,一次式の加法・減法,中学数学,入門
math-algebraic-expressions-006,文字と式,整式の加法・減法,中学数学,入門
math-algebraic-expressions-007,文字と式,単項式の乗法・除法,中学数学,入門
math-algebraic-expressions-008,文字と式,文字式による数量関係の説明,中学数学,入門
math-algebraic-expressions-009,文字と式,多項式の乗法,中学数学,入門
math-algebraic-expressions-010,文字と式,因数分解,中学数学,入門
math-algebraic-expressions-011,文字と式,二次の展開公式・因数分解公式,高校 数学I・II,基礎
math-algebraic-expressions-012,文字と式,三次の展開公式・因数分解公式,高校 数学I・II,基礎
math-algebraic-expressions-013,文字と式,多項式の除法,高校 数学I・II,基礎
math-algebraic-expressions-014,文字と式,分数式の四則計算,高校 数学I・II,基礎
math-algebraic-expressions-015,文字と式,二項定理,高校 数学I・II,基礎
math-equations-inequalities-001,方程式・不等式,等式と不等式,小学算数・中学数学,入門
math-equations-inequalities-002,方程式・不等式,一元一次方程式,小学算数・中学数学,入門
math-equations-inequalities-003,方程式・不等式,比例式,小学算数・中学数学,入門
math-equations-inequalities-004,方程式・不等式,二元一次方程式,小学算数・中学数学,入門
math-equations-inequalities-005,方程式・不等式,連立二元一次方程式,小学算数・中学数学,入門
math-equations-inequalities-006,方程式・不等式,二次方程式,小学算数・中学数学,入門
math-equations-inequalities-007,方程式・不等式,二次方程式の解の公式,小学算数・中学数学,入門
math-equations-inequalities-008,方程式・不等式,一次不等式,高校 数学I・II,基礎
math-equations-inequalities-009,方程式・不等式,二次不等式,高校 数学I・II,基礎
math-equations-inequalities-010,方程式・不等式,複素数,高校 数学I・II,基礎
math-equations-inequalities-011,方程式・不等式,複素数の四則計算,高校 数学I・II,基礎
math-equations-inequalities-012,方程式・不等式,二次方程式の判別式,高校 数学I・II,基礎
math-equations-inequalities-013,方程式・不等式,解と係数の関係,高校 数学I・II,基礎
math-equations-inequalities-014,方程式・不等式,因数定理,高校 数学I・II,基礎
math-equations-inequalities-015,方程式・不等式,高次方程式,高校 数学I・II,基礎
math-functions-001,関数,伴って変わる二つの数量,小学算数・中学数学,入門
math-functions-002,関数,表・式・グラフで表す関係,小学算数・中学数学,入門
math-functions-003,関数,比例,小学算数・中学数学,入門
math-functions-004,関数,反比例,小学算数・中学数学,入門
math-functions-005,関数,座標,小学算数・中学数学,入門
math-functions-006,関数,一次関数,小学算数・中学数学,入門
math-functions-007,関数,一次関数の変化の割合,小学算数・中学数学,入門
math-functions-008,関数,関数 y=ax²,小学算数・中学数学,入門
math-functions-009,関数,関数という考え方,高校 数学I・III,基礎
math-functions-010,関数,二次関数とグラフ,高校 数学I・III,基礎
math-functions-011,関数,二次関数の最大・最小,高校 数学I・III,基礎
math-functions-012,関数,二次関数と方程式・不等式,高校 数学I・III,基礎
math-functions-013,関数,分数関数,高校 数学I・III,基礎
math-functions-014,関数,無理関数,高校 数学I・III,基礎
math-functions-015,関数,合成関数,高校 数学I・III,基礎
math-functions-016,関数,逆関数,高校 数学I・III,基礎
math-geometry-001,図形,点・直線・線分・角,小学算数,入門
math-geometry-002,図形,平行と垂直,小学算数,入門
math-geometry-003,図形,三角形・四角形・多角形,小学算数,入門
math-geometry-004,図形,円と円周率,小学算数,入門
math-geometry-005,図形,図形の対称,小学算数,入門
math-geometry-006,図形,合同な図形,小学算数,入門
math-geometry-007,図形,拡大図・縮図,小学算数,入門
math-geometry-008,図形,立体図形の見方,小学算数,入門
math-geometry-009,図形,基本的な作図,中学数学,入門
math-geometry-010,図形,図形の移動,中学数学,入門
math-geometry-011,図形,直線と平面の位置関係,中学数学,入門
math-geometry-012,図形,見取図・展開図・投影図,中学数学,入門
math-geometry-013,図形,平行線と角,中学数学,入門
math-geometry-014,図形,多角形の内角・外角,中学数学,入門
math-geometry-015,図形,三角形の合同条件,中学数学,入門
math-geometry-016,図形,証明の考え方,中学数学,入門
math-geometry-017,図形,三角形の性質,中学数学,入門
math-geometry-018,図形,平行四辺形の性質,中学数学,入門
math-geometry-019,図形,図形の相似,中学数学,入門
math-geometry-020,図形,三角形の相似条件,中学数学,入門
math-geometry-021,図形,相似比・面積比・体積比,中学数学,入門
math-geometry-022,図形,円周角と中心角,中学数学,入門
math-geometry-023,図形,三平方の定理,中学数学,入門
math-geometry-024,図形,三角形の辺と角の関係,高校 数学A,基礎
math-geometry-025,図形,三角形の内分線・外分線,高校 数学A,基礎
math-geometry-026,図形,三角形の重心・内心・外心,高校 数学A,基礎
math-geometry-027,図形,三角形の比と定理（チェバ・メネラウス）,高校 数学A,基礎
math-geometry-028,図形,円に内接する四角形,高校 数学A,基礎
math-geometry-029,図形,円の接線,高校 数学A,基礎
math-geometry-030,図形,方べきの定理,高校 数学A,基礎
math-geometry-031,図形,二つの円の位置関係,高校 数学A,基礎
math-geometry-032,図形,空間図形の性質,高校 数学A,基礎
math-trigonometry-001,三角比・三角関数,正弦・余弦・正接,高校 数学I,基礎
math-trigonometry-002,三角比・三角関数,三角比の相互関係,高校 数学I,基礎
math-trigonometry-003,三角比・三角関数,三角比の鈍角への拡張,高校 数学I,基礎
math-trigonometry-004,三角比・三角関数,正弦定理,高校 数学I,基礎
math-trigonometry-005,三角比・三角関数,余弦定理,高校 数学I,基礎
math-trigonometry-006,三角比・三角関数,三角比による図形の計量,高校 数学I,基礎
math-trigonometry-007,三角比・三角関数,三角形の面積と三角比,高校 数学I,基礎
math-trigonometry-008,三角比・三角関数,一般角と弧度法,高校 数学II,基礎
math-trigonometry-009,三角比・三角関数,三角関数,高校 数学II,基礎
math-trigonometry-010,三角比・三角関数,三角関数のグラフと周期,高校 数学II,基礎
math-trigonometry-011,三角比・三角関数,三角関数の基本関係,高校 数学II,基礎
math-trigonometry-012,三角比・三角関数,三角関数の加法定理,高校 数学II,基礎
math-trigonometry-013,三角比・三角関数,倍角・半角の公式,高校 数学II,基礎
math-trigonometry-014,三角比・三角関数,三角方程式・三角不等式,高校 数学II,基礎
math-analytic-geometry-001,図形と方程式,平面上の点と距離,高校 数学II,基礎
math-analytic-geometry-002,図形と方程式,線分の内分点・外分点,高校 数学II,基礎
math-analytic-geometry-003,図形と方程式,直線の方程式,高校 数学II,基礎
math-analytic-geometry-004,図形と方程式,二直線の関係,高校 数学II,基礎
math-analytic-geometry-005,図形と方程式,円の方程式,高校 数学II,基礎
math-analytic-geometry-006,図形と方程式,円と直線の位置関係,高校 数学II,基礎
math-analytic-geometry-007,図形と方程式,軌跡,高校 数学II,基礎
math-analytic-geometry-008,図形と方程式,不等式の表す領域,高校 数学II,基礎
math-exponential-logarithm-001,指数・対数,指数法則と指数の拡張,高校 数学II,基礎
math-exponential-logarithm-002,指数・対数,累乗根,高校 数学II,基礎
math-exponential-logarithm-003,指数・対数,指数関数,高校 数学II,基礎
math-exponential-logarithm-004,指数・対数,指数関数のグラフ,高校 数学II,基礎
math-exponential-logarithm-005,指数・対数,対数の意味,高校 数学II,基礎
math-exponential-logarithm-006,指数・対数,対数の性質と計算,高校 数学II,基礎
math-exponential-logarithm-007,指数・対数,対数関数,高校 数学II,基礎
math-exponential-logarithm-008,指数・対数,対数関数のグラフ,高校 数学II,基礎
math-exponential-logarithm-009,指数・対数,常用対数,高校 数学II,基礎
math-exponential-logarithm-010,指数・対数,指数・対数方程式と不等式,高校 数学II,基礎
math-counting-probability-001,場合の数・確率,起こり得る場合の整理,小学算数・中学数学,入門
math-counting-probability-002,場合の数・確率,樹形図による場合分け,小学算数・中学数学,入門
math-counting-probability-003,場合の数・確率,確率の意味,小学算数・中学数学,入門
math-counting-probability-004,場合の数・確率,相対度数と確率,小学算数・中学数学,入門
math-counting-probability-005,場合の数・確率,数え上げの原則,高校 数学A,基礎
math-counting-probability-006,場合の数・確率,順列,高校 数学A,基礎
math-counting-probability-007,場合の数・確率,組合せ,高校 数学A,基礎
math-counting-probability-008,場合の数・確率,確率の基本法則,高校 数学A,基礎
math-counting-probability-009,場合の数・確率,余事象・排反事象,高校 数学A,基礎
math-counting-probability-010,場合の数・確率,独立な試行と反復試行,高校 数学A,基礎
math-counting-probability-011,場合の数・確率,条件付き確率,高校 数学A,基礎
math-counting-probability-012,場合の数・確率,期待値,高校 数学A,基礎
math-data-statistics-001,データ・統計,データの分類と表,小学算数,入門
math-data-statistics-002,データ・統計,絵・棒グラフ,小学算数,入門
math-data-statistics-003,データ・統計,折れ線グラフ,小学算数,入門
math-data-statistics-004,データ・統計,円グラフ・帯グラフ,小学算数,入門
math-data-statistics-005,データ・統計,平均,小学算数,入門
math-data-statistics-006,データ・統計,代表値の考え方,小学算数,入門
math-data-statistics-007,データ・統計,度数分布表,中学数学,入門
math-data-statistics-008,データ・統計,ヒストグラム,中学数学,入門
math-data-statistics-009,データ・統計,相対度数,中学数学,入門
math-data-statistics-010,データ・統計,中央値・最頻値・範囲,中学数学,入門
math-data-statistics-011,データ・統計,四分位数・四分位範囲,中学数学,入門
math-data-statistics-012,データ・統計,箱ひげ図,中学数学,入門
math-data-statistics-013,データ・統計,標本調査,中学数学,入門
math-data-statistics-014,データ・統計,分散,高校 数学I,基礎
math-data-statistics-015,データ・統計,標準偏差,高校 数学I,基礎
math-data-statistics-016,データ・統計,散布図,高校 数学I,基礎
math-data-statistics-017,データ・統計,相関係数,高校 数学I,基礎
math-data-statistics-018,データ・統計,外れ値,高校 数学I,基礎
math-data-statistics-019,データ・統計,仮説検定の考え方,高校 数学I,基礎
math-data-statistics-020,データ・統計,確率変数と確率分布,高校 数学B,基礎
math-data-statistics-021,データ・統計,確率変数の平均・分散・標準偏差,高校 数学B,基礎
math-data-statistics-022,データ・統計,二項分布,高校 数学B,基礎
math-data-statistics-023,データ・統計,連続型確率変数,高校 数学B,基礎
math-data-statistics-024,データ・統計,正規分布,高校 数学B,基礎
math-data-statistics-025,データ・統計,母集団と標本,高校 数学B,基礎
math-data-statistics-026,データ・統計,無作為抽出,高校 数学B,基礎
math-data-statistics-027,データ・統計,標本分布,高校 数学B,基礎
math-data-statistics-028,データ・統計,母平均の推定,高校 数学B,基礎
math-data-statistics-029,データ・統計,区間推定,高校 数学B,基礎
math-data-statistics-030,データ・統計,仮説検定,高校 数学B,基礎
math-sequences-001,数列,数列と一般項,高校 数学B,基礎
math-sequences-002,数列,等差数列,高校 数学B,基礎
math-sequences-003,数列,等比数列,高校 数学B,基礎
math-sequences-004,数列,Σと数列の和,高校 数学B,基礎
math-sequences-005,数列,いろいろな数列の和,高校 数学B,基礎
math-sequences-006,数列,漸化式,高校 数学B,基礎
math-sequences-007,数列,数学的帰納法,高校 数学B,基礎
math-vectors-001,ベクトル,ベクトルとは何か,高校 数学C,基礎
math-vectors-002,ベクトル,ベクトルの加法・減法・実数倍,高校 数学C,基礎
math-vectors-003,ベクトル,ベクトルの成分表示,高校 数学C,基礎
math-vectors-004,ベクトル,ベクトルの内積,高校 数学C,基礎
math-vectors-005,ベクトル,位置ベクトル,高校 数学C,基礎
math-vectors-006,ベクトル,ベクトルによる平面図形の表現,高校 数学C,基礎
math-vectors-007,ベクトル,空間座標,高校 数学C,基礎
math-vectors-008,ベクトル,空間ベクトル,高校 数学C,基礎
math-vectors-009,ベクトル,ベクトルによる空間図形の表現,高校 数学C,基礎
math-complex-plane-curves-001,複素数平面・曲線,複素数平面,高校 数学C,基礎
math-complex-plane-curves-002,複素数平面・曲線,複素数の極形式,高校 数学C,基礎
math-complex-plane-curves-003,複素数平面・曲線,複素数の乗除と図形的意味,高校 数学C,基礎
math-complex-plane-curves-004,複素数平面・曲線,ド・モアブルの定理,高校 数学C,基礎
math-complex-plane-curves-005,複素数平面・曲線,放物線,高校 数学C,基礎
math-complex-plane-curves-006,複素数平面・曲線,楕円,高校 数学C,基礎
math-complex-plane-curves-007,複素数平面・曲線,双曲線,高校 数学C,基礎
math-complex-plane-curves-008,複素数平面・曲線,媒介変数表示,高校 数学C,基礎
math-complex-plane-curves-009,複素数平面・曲線,極座標,高校 数学C,基礎
math-complex-plane-curves-010,複素数平面・曲線,極方程式,高校 数学C,基礎
math-limits-001,極限,数列の極限,高校 数学III,基礎
math-limits-002,極限,無限等比数列・無限等比級数,高校 数学III,基礎
math-limits-003,極限,関数の極限,高校 数学III,基礎
math-limits-004,極限,無限大での関数の振る舞い,高校 数学III,基礎
math-limits-005,極限,関数の連続性,高校 数学III,基礎
math-differentiation-001,微分,平均変化率,高校 数学II,基礎
math-differentiation-002,微分,微分係数と接線,高校 数学II,基礎
math-differentiation-003,微分,導関数,高校 数学II,基礎
math-differentiation-004,微分,多項式関数の微分,高校 数学II,基礎
math-differentiation-005,微分,導関数と増減,高校 数学II,基礎
math-differentiation-006,微分,極大・極小,高校 数学II,基礎
math-differentiation-007,微分,微分によるグラフの考察,高校 数学II,基礎
math-differentiation-008,微分,積・商の微分,高校 数学III,基礎
math-differentiation-009,微分,合成関数の微分,高校 数学III,基礎
math-differentiation-010,微分,逆関数の微分,高校 数学III,基礎
math-differentiation-011,微分,三角関数の微分,高校 数学III,基礎
math-differentiation-012,微分,指数関数・対数関数の微分,高校 数学III,基礎
math-differentiation-013,微分,高次導関数,高校 数学III,基礎
math-differentiation-014,微分,第二次導関数と凹凸・変曲点,高校 数学III,基礎
math-differentiation-015,微分,微分と速度・加速度,高校 数学III,基礎
math-differentiation-016,微分,微分の応用と最大・最小,高校 数学III,基礎
math-integration-001,積分,不定積分,高校 数学II,基礎
math-integration-002,積分,定積分,高校 数学II,基礎
math-integration-003,積分,微分と積分の関係,高校 数学II,基礎
math-integration-004,積分,定積分と面積,高校 数学II,基礎
math-integration-005,積分,置換積分法,高校 数学III,基礎
math-integration-006,積分,部分積分法,高校 数学III,基礎
math-integration-007,積分,三角関数の積分,高校 数学III,基礎
math-integration-008,積分,指数関数・対数関数の積分,高校 数学III,基礎
math-integration-009,積分,分数関数・無理関数の積分,高校 数学III,基礎
math-integration-010,積分,曲線で囲まれた面積,高校 数学III,基礎
math-integration-011,積分,回転体などの体積,高校 数学III,基礎
math-integration-012,積分,積分と道のり,高校 数学III,基礎
math-integration-013,積分,曲線の長さ,高校 数学III,基礎
math-sets-logic-proofs-001,集合・論理・証明,集合と要素,高校 数学I,基礎
math-sets-logic-proofs-002,集合・論理・証明,部分集合,高校 数学I,基礎
math-sets-logic-proofs-003,集合・論理・証明,集合の和・共通部分・補集合,高校 数学I,基礎
math-sets-logic-proofs-004,集合・論理・証明,命題と真偽,高校 数学I,基礎
math-sets-logic-proofs-005,集合・論理・証明,必要条件・十分条件,高校 数学I,基礎
math-sets-logic-proofs-006,集合・論理・証明,逆・裏・対偶,高校 数学I,基礎
math-sets-logic-proofs-007,集合・論理・証明,反例,高校 数学I,基礎
math-sets-logic-proofs-008,集合・論理・証明,対偶を用いた証明・背理法,高校 数学I,基礎
math-mathematical-expression-applications-001,数学的表現・活用,数学と人間の活動,高校 数学A・B・C,基礎
math-mathematical-expression-applications-002,数学的表現・活用,数学を用いた社会生活の問題解決,高校 数学A・B・C,基礎
math-mathematical-expression-applications-003,数学的表現・活用,数学的モデル化,高校 数学A・B・C,基礎
math-mathematical-expression-applications-004,数学的表現・活用,図・表・グラフの選択と表現,高校 数学A・B・C,基礎
math-mathematical-expression-applications-005,数学的表現・活用,離散グラフとネットワーク,高校 数学A・B・C,基礎
math-mathematical-expression-applications-006,数学的表現・活用,行列という表現,高校 数学A・B・C,基礎
math-mathematical-expression-applications-007,数学的表現・活用,行列の基本演算,高校 数学A・B・C,基礎
math-mathematical-expression-applications-008,数学的表現・活用,行列による変換の表現,高校 数学A・B・C,基礎
math-mathematical-expression-applications-009,数学的表現・活用,コンピュータを用いた数学的探究,高校 数学A・B・C,基礎
math-linear-algebra-001,線形代数,行列の演算,大学教養,基礎
math-linear-algebra-002,線形代数,連立一次方程式と掃き出し法,大学教養,発展専門
math-linear-algebra-003,線形代数,行列の階数,大学教養,発展専門
math-linear-algebra-004,線形代数,逆行列,大学教養,基礎
math-linear-algebra-005,線形代数,行列式,大学教養,基礎
math-linear-algebra-006,線形代数,ベクトル空間,大学教養,発展専門
math-linear-algebra-007,線形代数,線形独立・線形従属,大学教養,発展専門
math-linear-algebra-008,線形代数,基底と次元,大学教養,発展専門
math-linear-algebra-009,線形代数,線形写像,大学教養,発展専門
math-linear-algebra-010,線形代数,核と像,大学教養,発展専門
math-linear-algebra-011,線形代数,固有値と固有ベクトル,大学教養,発展専門
math-linear-algebra-012,線形代数,対角化,大学教養,発展専門
math-linear-algebra-013,線形代数,グラム・シュミットの直交化,大学教養,発展専門
math-linear-algebra-014,線形代数,対称行列と二次形式,大学教養,発展専門
math-linear-algebra-015,線形代数,ジョルダン標準形,大学教養,発展専門
math-univ-calculus-001,微分積分（大学）,実数の連続性,大学教養,発展専門
math-univ-calculus-002,微分積分（大学）,ε-δ論法,大学教養,発展専門
math-univ-calculus-003,微分積分（大学）,平均値の定理,大学教養,発展専門
math-univ-calculus-004,微分積分（大学）,テイラー展開,大学教養,基礎
math-univ-calculus-005,微分積分（大学）,級数の収束判定,大学教養,発展専門
math-univ-calculus-006,微分積分（大学）,べき級数,大学教養,発展専門
math-univ-calculus-007,微分積分（大学）,広義積分,大学教養,発展専門
math-univ-calculus-008,微分積分（大学）,偏微分,大学教養,基礎
math-univ-calculus-009,微分積分（大学）,全微分,大学教養,発展専門
math-univ-calculus-010,微分積分（大学）,多変数関数の極値,大学教養,発展専門
math-univ-calculus-011,微分積分（大学）,ラグランジュの未定乗数法,大学教養,発展専門
math-univ-calculus-012,微分積分（大学）,重積分,大学教養,発展専門
math-univ-calculus-013,微分積分（大学）,変数変換とヤコビアン,大学教養,発展専門
math-univ-calculus-014,微分積分（大学）,線積分,大学教養,発展専門
math-univ-calculus-015,微分積分（大学）,グリーンの定理,大学教養,発展専門
math-univ-calculus-016,微分積分（大学）,ガウスの発散定理,大学教養,発展専門
math-univ-calculus-017,微分積分（大学）,ストークスの定理,大学教養,発展専門
math-differential-equations-001,微分方程式・変換,微分方程式とは何か,大学教養,発展専門
math-differential-equations-002,微分方程式・変換,変数分離形,大学教養,発展専門
math-differential-equations-003,微分方程式・変換,1階線形微分方程式,大学教養,発展専門
math-differential-equations-004,微分方程式・変換,2階線形微分方程式（定数係数）,大学教養,発展専門
math-differential-equations-005,微分方程式・変換,連立線形微分方程式,大学教養,発展専門
math-differential-equations-006,微分方程式・変換,解の存在と一意性,大学教養,発展専門
math-differential-equations-007,微分方程式・変換,熱方程式,大学教養,発展専門
math-differential-equations-008,微分方程式・変換,波動方程式,大学教養,発展専門
math-differential-equations-009,微分方程式・変換,フーリエ級数,大学教養,発展専門
math-differential-equations-010,微分方程式・変換,フーリエ変換,大学教養,発展専門
math-differential-equations-011,微分方程式・変換,ラプラス変換,大学教養,発展専門
math-univ-probability-statistics-001,確率論・統計学（大学）,確率の公理,大学教養,発展専門
math-univ-probability-statistics-002,確率論・統計学（大学）,ベイズの定理,大学教養,基礎
math-univ-probability-statistics-003,確率論・統計学（大学）,ポアソン分布,大学教養,発展専門
math-univ-probability-statistics-004,確率論・統計学（大学）,指数分布,大学教養,発展専門
math-univ-probability-statistics-005,確率論・統計学（大学）,同時分布と共分散,大学教養,発展専門
math-univ-probability-statistics-006,確率論・統計学（大学）,大数の法則,大学教養,発展専門
math-univ-probability-statistics-007,確率論・統計学（大学）,中心極限定理,大学教養,発展専門
math-univ-probability-statistics-008,確率論・統計学（大学）,最尤推定,大学教養,発展専門
math-univ-probability-statistics-009,確率論・統計学（大学）,最小二乗法,大学教養,基礎
math-univ-probability-statistics-010,確率論・統計学（大学）,単回帰分析,大学教養,発展専門
math-univ-probability-statistics-011,確率論・統計学（大学）,重回帰分析,大学教養,発展専門
math-univ-probability-statistics-012,確率論・統計学（大学）,分散分析,大学教養,発展専門
math-univ-probability-statistics-013,確率論・統計学（大学）,事前分布と事後分布,大学教養,発展専門
math-univ-probability-statistics-014,確率論・統計学（大学）,ベイズ推定,大学教養,発展専門
math-univ-probability-statistics-015,確率論・統計学（大学）,マルコフ連鎖,大学教養,発展専門
math-sets-topology-001,集合と位相,写像（単射・全射・全単射）,大学教養,発展専門
math-sets-topology-002,集合と位相,同値関係と商集合,大学教養,発展専門
math-sets-topology-003,集合と位相,可算集合と非可算集合,大学教養,発展専門
math-sets-topology-004,集合と位相,濃度と対角線論法,大学教養,発展専門
math-sets-topology-005,集合と位相,距離空間,大学教養,発展専門
math-sets-topology-006,集合と位相,開集合・閉集合,大学教養,発展専門
math-sets-topology-007,集合と位相,位相空間と連続写像,大学教養,発展専門
math-sets-topology-008,集合と位相,コンパクト性,大学教養,発展専門
math-sets-topology-009,集合と位相,連結性,大学教養,発展専門
math-algebra-001,代数学,群の定義と例,大学教養,発展専門
math-algebra-002,代数学,部分群と剰余類,大学教養,発展専門
math-algebra-003,代数学,準同型と同型,大学教養,発展専門
math-algebra-004,代数学,対称群,大学教養,発展専門
math-algebra-005,代数学,環,大学教養,発展専門
math-algebra-006,代数学,イデアルと剰余環,大学教養,発展専門
math-algebra-007,代数学,体,大学教養,発展専門
math-algebra-008,代数学,多項式環,大学教養,発展専門
math-algebra-009,代数学,有限体,大学教養,発展専門
math-algebra-010,代数学,体の拡大,大学教養,発展専門
math-algebra-011,代数学,ガロア群,大学教養,発展専門
math-algebra-012,代数学,5次方程式の解の公式がないこと,大学教養,発展専門
math-complex-analysis-001,複素関数論,正則関数,大学教養,発展専門
math-complex-analysis-002,複素関数論,コーシー・リーマンの方程式,大学教養,発展専門
math-complex-analysis-003,複素関数論,複素積分,大学教養,発展専門
math-complex-analysis-004,複素関数論,コーシーの積分定理,大学教養,発展専門
math-complex-analysis-005,複素関数論,ローラン展開,大学教養,発展専門
math-complex-analysis-006,複素関数論,留数定理,大学教養,発展専門
math-univ-geometry-001,幾何学（大学）,曲線の曲率,大学教養,発展専門
math-univ-geometry-002,幾何学（大学）,曲面とガウス曲率,大学教養,発展専門
math-univ-geometry-003,幾何学（大学）,非ユークリッド幾何,大学教養,発展専門
math-univ-geometry-004,幾何学（大学）,多様体とは何か,大学教養,発展専門
math-univ-geometry-005,幾何学（大学）,位相同型（ドーナツとコーヒーカップ）,大学教養,発展専門
math-univ-geometry-006,幾何学（大学）,オイラー標数,大学教養,発展専門
math-univ-geometry-007,幾何学（大学）,ホモトピーと基本群,大学教養,発展専門
math-univ-geometry-008,幾何学（大学）,結び目,大学教養,発展専門
math-discrete-math-logic-001,離散数学・論理,命題論理,大学教養,基礎
math-discrete-math-logic-002,離散数学・論理,述語論理,大学教養,発展専門
math-discrete-math-logic-003,離散数学・論理,鳩の巣原理,大学教養,基礎
math-discrete-math-logic-004,離散数学・論理,包除原理,大学教養,発展専門
math-discrete-math-logic-005,離散数学・論理,母関数,大学教養,発展専門
math-discrete-math-logic-006,離散数学・論理,漸化式の解法,大学教養,発展専門
math-discrete-math-logic-007,離散数学・論理,グラフの基本用語,大学教養,発展専門
math-discrete-math-logic-008,離散数学・論理,オイラー路とハミルトン路,大学教養,発展専門
math-discrete-math-logic-009,離散数学・論理,木,大学教養,発展専門
math-discrete-math-logic-010,離散数学・論理,最短経路（ダイクストラ法）,大学教養,発展専門
math-discrete-math-logic-011,離散数学・論理,平面グラフと四色定理,大学教養,発展専門
math-discrete-math-logic-012,離散数学・論理,オーダー記法（計算量）,大学教養,発展専門
math-discrete-math-logic-013,離散数学・論理,P≠NP予想,大学教養,発展専門
math-discrete-math-logic-014,離散数学・論理,RSA暗号と数論,大学教養,発展専門
math-foundations-history-001,数学の基礎と歴史,公理的方法,大学教養,基礎
math-foundations-history-002,数学の基礎と歴史,ユークリッド『原論』,大学教養,基礎
math-foundations-history-003,数学の基礎と歴史,微積分の誕生（ニュートンとライプニッツ）,大学教養,基礎
math-foundations-history-004,数学の基礎と歴史,無限と集合論の誕生,大学教養,基礎
math-foundations-history-005,数学の基礎と歴史,ゲーデルの不完全性定理,大学教養,基礎
math-foundations-history-006,数学の基礎と歴史,素数定理,大学教養,基礎
math-foundations-history-007,数学の基礎と歴史,リーマン予想,大学教養,基礎
math-foundations-history-008,数学の基礎と歴史,フェルマーの最終定理,大学教養,基礎
math-foundations-history-009,数学の基礎と歴史,ポアンカレ予想,大学教養,基礎
math-foundations-history-010,数学の基礎と歴史,20世紀の数学の広がり（ヒルベルトの23問題）,大学教養,基礎
